{
  "sections": {
    "main": {
      "type": "main-page",
      "settings": {
        "padding_top": 36,
        "padding_bottom": 36
      }
    },
    "1649458504a21eacb1": {
      "type": "featured-product",
      "blocks": {
        "164945850414a9d97e-0": {
          "type": "text",
          "disabled": true,
          "settings": {
            "text": "{{ section.settings.product.vendor }}",
            "text_style": "uppercase"
          }
        },
        "164945850414a9d97e-1": {
          "type": "title",
          "settings": {}
        },
        "164945850414a9d97e-2": {
          "type": "text",
          "settings": {
            "text": "{{ section.settings.product.metafields.descriptors.subtitle.value }}",
            "text_style": "subtitle"
          }
        },
        "5cab4cee-2344-4917-87ff-423d9953f6a6": {
          "type": "rating",
          "disabled": true,
          "settings": {}
        },
        "164945850414a9d97e-3": {
          "type": "price",
          "settings": {}
        },
        "164945850414a9d97e-4": {
          "type": "variant_picker",
          "settings": {
            "picker_type": "button"
          }
        },
        "164945850414a9d97e-6": {
          "type": "buy_buttons",
          "settings": {
            "show_dynamic_checkout": true
          }
        },
        "164945850414a9d97e-7": {
          "type": "share",
          "settings": {
            "share_label": "Share"
          }
        }
      },
      "block_order": [
        "164945850414a9d97e-0",
        "164945850414a9d97e-1",
        "164945850414a9d97e-2",
        "5cab4cee-2344-4917-87ff-423d9953f6a6",
        "164945850414a9d97e-3",
        "164945850414a9d97e-4",
        "164945850414a9d97e-6",
        "164945850414a9d97e-7"
      ],
      "settings": {
        "product": "trident",
        "color_scheme": "background-1",
        "secondary_background": false,
        "hide_variants": false,
        "enable_video_looping": true,
        "padding_top": 36,
        "padding_bottom": 36
      }
    },
    "1649460773fcd1cd34": {
      "type": "featured-product",
      "blocks": {
        "1649460773fa51ce5f-0": {
          "type": "text",
          "disabled": true,
          "settings": {
            "text": "{{ section.settings.product.vendor }}",
            "text_style": "uppercase"
          }
        },
        "1649460773fa51ce5f-1": {
          "type": "title",
          "settings": {}
        },
        "1649460773fa51ce5f-2": {
          "type": "text",
          "settings": {
            "text": "{{ section.settings.product.metafields.descriptors.subtitle.value }}",
            "text_style": "subtitle"
          }
        },
        "033a9f85-78a4-4f04-90f0-cbe23782cf8b": {
          "type": "rating",
          "disabled": true,
          "settings": {}
        },
        "1649460773fa51ce5f-3": {
          "type": "price",
          "settings": {}
        },
        "1649460773fa51ce5f-4": {
          "type": "variant_picker",
          "settings": {
            "picker_type": "button"
          }
        },
        "1649460773fa51ce5f-6": {
          "type": "buy_buttons",
          "settings": {
            "show_dynamic_checkout": true
          }
        },
        "1649460773fa51ce5f-7": {
          "type": "share",
          "settings": {
            "share_label": "Share"
          }
        }
      },
      "block_order": [
        "1649460773fa51ce5f-0",
        "1649460773fa51ce5f-1",
        "1649460773fa51ce5f-2",
        "033a9f85-78a4-4f04-90f0-cbe23782cf8b",
        "1649460773fa51ce5f-3",
        "1649460773fa51ce5f-4",
        "1649460773fa51ce5f-6",
        "1649460773fa51ce5f-7"
      ],
      "settings": {
        "product": "trident-rose-gold",
        "color_scheme": "background-1",
        "secondary_background": false,
        "hide_variants": false,
        "enable_video_looping": false,
        "padding_top": 36,
        "padding_bottom": 36
      }
    }
  },
  "order": [
    "main",
    "1649458504a21eacb1",
    "1649460773fcd1cd34"
  ]
}