{
  "sections": {
    "main": {
      "type": "main-product",
      "blocks": {
        "vendor": {
          "type": "text",
          "settings": {
            "text": "{{ product.vendor }}",
            "text_style": "uppercase"
          }
        },
        "title": {
          "type": "title",
          "settings": {}
        },
        "price": {
          "type": "price",
          "settings": {}
        },
        "variant_picker": {
          "type": "variant_picker",
          "settings": {
            "picker_type": "button"
          }
        },
        "quantity_selector": {
          "type": "quantity_selector",
          "settings": {}
        },
        "buy_buttons": {
          "type": "buy_buttons",
          "settings": {
            "show_dynamic_checkout": true
          }
        },
        "description": {
          "type": "description",
          "settings": {}
        },
        "share": {
          "type": "share",
          "settings": {
            "share_label": "Share"
          }
        }
      },
      "block_order": [
        "vendor",
        "title",
        "price",
        "variant_picker",
        "quantity_selector",
        "buy_buttons",
        "description",
        "share"
      ],
      "settings": {
        "enable_sticky_info": true,
        "gallery_layout": "stacked",
        "media_size": "large",
        "mobile_thumbnails": "hide",
        "hide_variants": false,
        "enable_video_looping": false,
        "padding_top": 36,
        "padding_bottom": 36
      }
    },
    "product-recommendations": {
      "type": "product-recommendations",
      "settings": {
        "heading": "You may also like",
        "color_scheme": "background-1",
        "image_ratio": "adapt",
        "show_secondary_image": false,
        "show_vendor": false,
        "show_rating": false,
        "padding_top": 36,
        "padding_bottom": 36
      }
    },
    "1644551415b3758d0d": {
      "type": "slideshow",
      "disabled": true,
      "blocks": {
        "1644551415486b0933-0": {
          "type": "slide",
          "disabled": true,
          "settings": {
            "image": "shopify:\/\/shop_images\/Hitoki-Product-Valentines-Day-2022.jpg",
            "heading": "",
            "heading_size": "medium",
            "subheading": "",
            "button_label": "",
            "link": "",
            "button_style_secondary": false,
            "box_align": "middle-center",
            "show_text_box": true,
            "text_alignment": "center",
            "image_overlay_opacity": 0,
            "color_scheme": "background-1",
            "text_alignment_mobile": "center"
          }
        },
        "1644551415486b0933-1": {
          "type": "slide",
          "disabled": true,
          "settings": {
            "heading": "Image slide",
            "heading_size": "medium",
            "subheading": "Tell your brand's story through images",
            "button_label": "Button label",
            "link": "",
            "button_style_secondary": false,
            "box_align": "middle-center",
            "show_text_box": true,
            "text_alignment": "center",
            "image_overlay_opacity": 0,
            "color_scheme": "background-1",
            "text_alignment_mobile": "center"
          }
        }
      },
      "block_order": [
        "1644551415486b0933-0",
        "1644551415486b0933-1"
      ],
      "settings": {
        "layout": "full_bleed",
        "slide_height": "adapt_image",
        "slider_visual": "counter",
        "auto_rotate": false,
        "change_slides_speed": 5,
        "show_text_below": true,
        "accessibility_info": "Slideshow about our brand"
      }
    }
  },
  "order": [
    "main",
    "product-recommendations",
    "1644551415b3758d0d"
  ]
}