{
  "sections": {
    "164783499968e9eb7c": {
      "type": "product-buy",
      "settings": {
        "top_space_size": 0,
        "bottom_space_size": 0,
        "title": "{{ section.settings.product.title }}",
        "button_text": "Buy",
        "button_style": "primary",
        "box_top_space": 15,
        "box_bottom_space": 15,
        "title_font_size": 24,
        "button_font_size": 14,
        "sticky_position": "top",
        "enable_sticky": true,
        "enable_box_shadow": true,
        "enable_max_width": true,
        "product": "{{ product }}"
      }
    },
    "main": {
      "type": "main-product",
      "blocks": {
        "title": {
          "type": "title",
          "settings": {}
        },
        "d2e86575-9cbe-48ec-8897-61dde524f0f5": {
          "type": "rating",
          "settings": {}
        },
        "price": {
          "type": "price",
          "settings": {}
        },
        "ec9f58e2-5ba8-47a4-8610-679b96ee5f45": {
          "type": "text",
          "settings": {
            "text": "The ultimate smoking exprerience.",
            "text_style": "subtitle"
          }
        },
        "buy_buttons": {
          "type": "buy_buttons",
          "settings": {
            "show_dynamic_checkout": true
          }
        },
        "64ffa954-2d01-40a3-9699-17ff7407187c": {
          "type": "popup",
          "disabled": true,
          "settings": {
            "text": "Split your entire purchase into 4 interest-free payments of $124.99 with Sezzle. <br><br>",
            "page": "how-to-use-sezzle"
          }
        },
        "vendor": {
          "type": "text",
          "settings": {
            "text": "{{ product.vendor }}",
            "text_style": "uppercase"
          }
        },
        "a2f99941-3352-4893-a966-28ae22a48e66": {
          "type": "text",
          "settings": {
            "text": "All orders using HT15 code will receive 15% discount and free adjustable mouthpiece. Mouthpiece may not appear in cart.",
            "text_style": "uppercase"
          }
        },
        "description": {
          "type": "description",
          "settings": {}
        },
        "variant_picker": {
          "type": "variant_picker",
          "disabled": true,
          "settings": {
            "picker_type": "button"
          }
        },
        "quantity_selector": {
          "type": "quantity_selector",
          "disabled": true,
          "settings": {}
        },
        "ea83e4e3-ce63-496b-aa7a-a5b7d2a6842a": {
          "type": "collapsible_tab",
          "settings": {
            "heading": "Free Shipping",
            "icon": "truck",
            "content": "<p>Free domestic USA shipping on all orders over $99.<\/p>",
            "page": ""
          }
        },
        "514e2155-c0a3-4737-ac7a-12645498d722": {
          "type": "collapsible_tab",
          "settings": {
            "heading": "6-Month Warranty Included",
            "icon": "check_mark",
            "content": "<p>All purchases of the Trident come with a 6 month warranty. <\/p><p>We also offer an extended 3-year warranty. <a href=\"\/products\/saber-extended-warranty\" title=\"3-Year Extended Warranty (+2 ceramic loading chambers and 1 adjustable silicone mouthpiece when purchased with Trident)\">Register for a 3 year warranty.<\/a><\/p>",
            "page": ""
          }
        },
        "66820b4e-4446-46cb-94c0-58eafe750ea6": {
          "type": "collapsible_tab",
          "disabled": true,
          "settings": {
            "heading": "Buy now, pay later with Sezzle",
            "icon": "price_tag",
            "content": "",
            "page": "how-to-use-sezzle"
          }
        },
        "f4380501-00fc-464c-a26d-7cdb9e102b4f": {
          "type": "collapsible_tab",
          "settings": {
            "heading": "Inside The Box",
            "icon": "box",
            "content": "<p>1x Trident<br\/>1x USB-C charging cable<br\/>1x High output adaptor<br\/>1x Loading chamber<br\/>1x Silicone hookah hose<br\/>1x Hose connecter<br\/>1x Metal compressor<\/p>",
            "page": ""
          }
        },
        "share": {
          "type": "share",
          "settings": {
            "share_label": "Share"
          }
        }
      },
      "block_order": [
        "title",
        "d2e86575-9cbe-48ec-8897-61dde524f0f5",
        "price",
        "ec9f58e2-5ba8-47a4-8610-679b96ee5f45",
        "buy_buttons",
        "64ffa954-2d01-40a3-9699-17ff7407187c",
        "vendor",
        "a2f99941-3352-4893-a966-28ae22a48e66",
        "description",
        "variant_picker",
        "quantity_selector",
        "ea83e4e3-ce63-496b-aa7a-a5b7d2a6842a",
        "514e2155-c0a3-4737-ac7a-12645498d722",
        "66820b4e-4446-46cb-94c0-58eafe750ea6",
        "f4380501-00fc-464c-a26d-7cdb9e102b4f",
        "share"
      ],
      "settings": {
        "enable_sticky_info": true,
        "gallery_layout": "stacked",
        "media_size": "large",
        "mobile_thumbnails": "hide",
        "hide_variants": true,
        "enable_video_looping": true,
        "padding_top": 32,
        "padding_bottom": 60
      }
    },
    "1648843361d6d7b3ba": {
      "type": "video",
      "settings": {
        "heading": "",
        "text_color": "white",
        "content_heading": "",
        "content_sub_heading": "",
        "button_label": "",
        "button_link": "",
        "button_style": "primary",
        "content_position": "bottom-center",
        "enable_button_separate": false,
        "button_position": "middle-center",
        "description": "",
        "background_color": "#ffffff",
        "video_display_mode": "cover",
        "desktop_height": "auto",
        "mobile_height": "450px",
        "full_width": true,
        "color_scheme": "inverse",
        "video_url": "",
        "html5_video": "https:\/\/cdn.shopify.com\/s\/files\/1\/0597\/1194\/6949\/files\/Hitoki_Trident_Black.mp4?v=1648872485",
        "enable_video_mobile": false,
        "video_url_mobile": "",
        "html5_video_mobile": "",
        "autoplay": true,
        "autoloop": true,
        "mute_video": true,
        "show_controls": false,
        "padding_top": 36,
        "padding_bottom": 0
      }
    },
    "164766734634d06567": {
      "type": "slideshow_text",
      "blocks": {
        "1647667346d6562e06-0": {
          "type": "slide",
          "settings": {
            "heading": "Clean Flavorful Instant",
            "heading_size": "small",
            "subheading": "The Trident combines the experience of cleaner, smooth and flavor draws of vaporizing and the more elevated effects of combustion to give you the best of both worlds.",
            "button_label": "",
            "link": "",
            "button_style_secondary": false,
            "box_align": "middle-center",
            "text_alignment": "center",
            "color_scheme": "accent-2",
            "text_alignment_mobile": "center"
          }
        },
        "45f066dd-9ab6-4897-977e-1166e63864b7": {
          "type": "slide",
          "settings": {
            "heading": "The Laser Experience",
            "heading_size": "small",
            "subheading": "By utilizing pure light energy Hitoki has designed a device that works like a classic ritual of using pure sunlight focused with a magnifying glass to achieve a chemical butane free experience that does not enter your lungs or alter the flavor of your flower.",
            "button_label": "",
            "link": "",
            "button_style_secondary": false,
            "box_align": "middle-center",
            "text_alignment": "center",
            "color_scheme": "accent-2",
            "text_alignment_mobile": "center"
          }
        },
        "1647667346d6562e06-1": {
          "type": "slide",
          "settings": {
            "heading": "FDA Standard Safe",
            "heading_size": "small",
            "subheading": "Designed with a special laser shield that lets you safely view the mesmerizing effects of laser ignitions. ",
            "button_label": "",
            "link": "",
            "button_style_secondary": false,
            "box_align": "middle-center",
            "text_alignment": "center",
            "color_scheme": "accent-2",
            "text_alignment_mobile": "center"
          }
        },
        "35e78ce2-fa77-4670-9226-557a8305aae2": {
          "type": "slide",
          "disabled": true,
          "settings": {
            "heading": "Clean Flavorful Instant",
            "heading_size": "small",
            "subheading": "Laser combustion is the next evolutionary stage of dry smokable herb consumption. The Trident combines the experience of cleaner, smooth and flavor draws of vaporizing and the more elevated effects of combustion to give you the best of both worlds.By utilizing pure light energy Hitoki has designed a device that works like a “Classic” ritual of using pure sunlight focused with a magnifying glass to achieve a chemical butane free experience that does not enter your lungs or alter the flavor of your flower.",
            "button_label": "",
            "link": "",
            "button_style_secondary": false,
            "box_align": "middle-center",
            "text_alignment": "center",
            "color_scheme": "accent-2",
            "text_alignment_mobile": "center"
          }
        },
        "0d1adb79-618b-49bb-ba9e-b8b4d55b83a6": {
          "type": "slide",
          "disabled": true,
          "settings": {
            "heading": "Elegant and sophisticated",
            "heading_size": "medium",
            "subheading": "Minimalist design makes it easy to fit in and stand out all at the same time in any setting.",
            "button_label": "",
            "link": "",
            "button_style_secondary": false,
            "box_align": "middle-center",
            "text_alignment": "center",
            "color_scheme": "inverse",
            "text_alignment_mobile": "center"
          }
        }
      },
      "block_order": [
        "1647667346d6562e06-0",
        "45f066dd-9ab6-4897-977e-1166e63864b7",
        "1647667346d6562e06-1",
        "35e78ce2-fa77-4670-9226-557a8305aae2",
        "0d1adb79-618b-49bb-ba9e-b8b4d55b83a6"
      ],
      "settings": {
        "desktop_top_space_size": 15,
        "desktop_bottom_space_size": 15,
        "mobile_top_space_size": 20,
        "mobile_bottom_space_size": 20,
        "layout": "full_bleed",
        "slide_height": "extra-small",
        "slider_visual": "dots",
        "auto_rotate": true,
        "change_slides_speed": 5,
        "accessibility_info": "More about the Trident"
      }
    },
    "164884367474261975": {
      "type": "slideshow",
      "blocks": {
        "164884367484ee1a3b-0": {
          "type": "slide",
          "settings": {
            "image": "shopify:\/\/shop_images\/Trident_Black_Lifestyle_02.jpg",
            "heading": "A display worthy modern piece for the today’s connoisseur that’s easy to use. ",
            "heading_size": "small",
            "subheading": "",
            "button_label": "",
            "link": "",
            "button_style_secondary": false,
            "box_align": "top-left",
            "show_text_box": true,
            "text_alignment": "center",
            "image_overlay_opacity": 0,
            "color_scheme": "background-1",
            "text_alignment_mobile": "center"
          }
        }
      },
      "block_order": [
        "164884367484ee1a3b-0"
      ],
      "settings": {
        "layout": "full_bleed",
        "slide_height": "adapt_image",
        "slider_visual": "counter",
        "auto_rotate": false,
        "change_slides_speed": 5,
        "show_text_below": true,
        "accessibility_info": "The Hitoki Trident Lifestyle"
      }
    },
    "1648843786d46894a6": {
      "type": "rich-text",
      "blocks": {
        "1648843786db228339-0": {
          "type": "heading",
          "settings": {
            "heading": "Ready in 3 easy steps.",
            "heading_size": "h2"
          }
        }
      },
      "block_order": [
        "1648843786db228339-0"
      ],
      "settings": {
        "color_scheme": "background-1",
        "full_width": true,
        "padding_top": 52,
        "padding_bottom": 40
      }
    },
    "1645946405d2f23caf": {
      "type": "slideshow",
      "blocks": {
        "1645946405282c4db9-0": {
          "type": "slide",
          "settings": {
            "image": "shopify:\/\/shop_images\/Trident_Black_Load_01.jpg",
            "heading": "Load It",
            "heading_size": "medium",
            "subheading": "Insert loading chamber",
            "button_label": "",
            "link": "",
            "button_style_secondary": true,
            "box_align": "middle-left",
            "show_text_box": false,
            "text_alignment": "left",
            "image_overlay_opacity": 0,
            "color_scheme": "background-1",
            "text_alignment_mobile": "center"
          }
        },
        "1645946405282c4db9-1": {
          "type": "slide",
          "settings": {
            "image": "shopify:\/\/shop_images\/Trident_Black_Lock_01.jpg",
            "heading": "Lock It",
            "heading_size": "medium",
            "subheading": "FDA Compliant Safety Interlocks",
            "button_label": "",
            "link": "",
            "button_style_secondary": false,
            "box_align": "middle-left",
            "show_text_box": false,
            "text_alignment": "left",
            "image_overlay_opacity": 0,
            "color_scheme": "background-1",
            "text_alignment_mobile": "center"
          }
        },
        "e77a42f7-744c-42a9-9387-09d3c390ebf8": {
          "type": "slide",
          "settings": {
            "image": "shopify:\/\/shop_images\/Trident_Black_Light_01.jpg",
            "heading": "Light It",
            "heading_size": "medium",
            "subheading": "280+ Ignitions Per Charge",
            "button_label": "",
            "link": "",
            "button_style_secondary": false,
            "box_align": "middle-left",
            "show_text_box": false,
            "text_alignment": "left",
            "image_overlay_opacity": 0,
            "color_scheme": "background-1",
            "text_alignment_mobile": "center"
          }
        }
      },
      "block_order": [
        "1645946405282c4db9-0",
        "1645946405282c4db9-1",
        "e77a42f7-744c-42a9-9387-09d3c390ebf8"
      ],
      "settings": {
        "layout": "grid",
        "slide_height": "adapt_image",
        "slider_visual": "numbers",
        "auto_rotate": true,
        "change_slides_speed": 3,
        "show_text_below": true,
        "accessibility_info": "Load, Lock, and Light."
      }
    },
    "1649105537793b7aa0": {
      "type": "rich-text",
      "blocks": {
        "16491055379ba5cf3e-0": {
          "type": "heading",
          "settings": {
            "heading": "Integrated Water Filter",
            "heading_size": "h2"
          }
        }
      },
      "block_order": [
        "16491055379ba5cf3e-0"
      ],
      "settings": {
        "color_scheme": "background-1",
        "full_width": true,
        "padding_top": 40,
        "padding_bottom": 12
      }
    },
    "164905507426e9087c": {
      "type": "video",
      "settings": {
        "heading": "",
        "cover_image": "shopify:\/\/shop_images\/Trident_Black_Bubble_01.jpg",
        "text_color": "white",
        "content_heading": "",
        "content_sub_heading": "",
        "button_label": "",
        "button_link": "",
        "button_style": "primary",
        "content_position": "bottom-center",
        "enable_button_separate": false,
        "button_position": "middle-center",
        "description": "",
        "background_color": "#ffffff",
        "video_display_mode": "cover",
        "desktop_height": "550px",
        "mobile_height": "250px",
        "full_width": false,
        "color_scheme": "background-1",
        "video_url": "",
        "html5_video": "https:\/\/cdn.shopify.com\/s\/files\/1\/0092\/5224\/1470\/files\/Trident_Black_Loop_Bubble_01.mp4?v=1649055260",
        "enable_video_mobile": false,
        "video_url_mobile": "",
        "html5_video_mobile": "",
        "autoplay": true,
        "autoloop": true,
        "mute_video": true,
        "show_controls": false,
        "padding_top": 12,
        "padding_bottom": 36
      }
    },
    "1647720535f953d2ad": {
      "type": "slideshow",
      "blocks": {
        "16477205350d99693e-0": {
          "type": "slide",
          "settings": {
            "image": "shopify:\/\/shop_images\/Trident_Black_Power_01.jpg",
            "heading": "Elegance",
            "heading_size": "small",
            "subheading": "The Trident’s elegant design features a one button function with LED feedback that makes it user friendly offering 3 power levels indicated by color. Low (red) is for dry blends. Medium (green) for denser blends. High (blue) blends infused with oils. ",
            "button_label": "",
            "link": "",
            "button_style_secondary": false,
            "box_align": "top-left",
            "show_text_box": true,
            "text_alignment": "center",
            "image_overlay_opacity": 0,
            "color_scheme": "accent-2",
            "text_alignment_mobile": "center"
          }
        }
      },
      "block_order": [
        "16477205350d99693e-0"
      ],
      "settings": {
        "layout": "grid",
        "slide_height": "extra-large",
        "slider_visual": "dots",
        "auto_rotate": false,
        "change_slides_speed": 5,
        "show_text_below": true,
        "accessibility_info": "Slideshow about our brand"
      }
    },
    "1647317771137aa524": {
      "type": "properties-bar",
      "blocks": {
        "6830b175-3330-4c0c-a50b-824f68506cac": {
          "type": "progressbar",
          "settings": {
            "heading": "Flavor",
            "percentage": 100
          }
        },
        "c1bc140f-983f-4718-ab4d-fbbddc9bd007": {
          "type": "progressbar",
          "settings": {
            "heading": "Dose size",
            "percentage": 90
          }
        },
        "287968c0-429d-4e11-83de-68950fc81c3e": {
          "type": "progressbar",
          "settings": {
            "heading": "On-the-go",
            "percentage": 95
          }
        },
        "906708e0-28aa-4b69-9440-97ed018a6fd0": {
          "type": "progressbar",
          "disabled": true,
          "settings": {
            "heading": "Smoke Level",
            "percentage": 100
          }
        },
        "02f39747-79c2-4aeb-946a-103fe76c8ebb": {
          "type": "progressbar",
          "settings": {
            "heading": "Battery life",
            "percentage": 100
          }
        },
        "59885c16-082b-404e-b242-14828c275fff": {
          "type": "progressbar",
          "settings": {
            "heading": "User control",
            "percentage": 95
          }
        }
      },
      "block_order": [
        "6830b175-3330-4c0c-a50b-824f68506cac",
        "c1bc140f-983f-4718-ab4d-fbbddc9bd007",
        "287968c0-429d-4e11-83de-68950fc81c3e",
        "906708e0-28aa-4b69-9440-97ed018a6fd0",
        "02f39747-79c2-4aeb-946a-103fe76c8ebb",
        "59885c16-082b-404e-b242-14828c275fff"
      ],
      "settings": {
        "margin_top": 0,
        "margin_bottom": 0,
        "heading": "DEVICE CAPABILITIES",
        "padding_vertical": 20,
        "padding_horizontal": 30,
        "bg_color": "#f8fafb",
        "text_color": "#232324",
        "progressbar_color": "#0315ef"
      }
    },
    "1645947483dffbba67": {
      "type": "multicolumn",
      "blocks": {
        "16459474829c0c4d06-0": {
          "type": "column",
          "settings": {
            "title": "FULL SPECS",
            "text": "<p>Aircraft grade aluminum exterior<br\/>Carb button<br\/>Removable ceramic loading chamber<br\/>Integrated water filter<br\/>Cleanest smoking experience<\/p>",
            "link_label": "",
            "link": ""
          }
        },
        "16459474829c0c4d06-1": {
          "type": "column",
          "settings": {
            "title": "LASER POWER",
            "text": "<p>280+ uses per charge<br\/>Instant combustion<br\/>LED power level indicator<br\/>Fast charging USB-C<br\/>FDA standard interlocks<br\/><\/p>",
            "link_label": "",
            "link": ""
          }
        }
      },
      "block_order": [
        "16459474829c0c4d06-0",
        "16459474829c0c4d06-1"
      ],
      "settings": {
        "title": "",
        "image_width": "full",
        "image_ratio": "adapt",
        "column_alignment": "center",
        "background_style": "none",
        "button_label": "",
        "button_link": "",
        "color_scheme": "background-1",
        "swipe_on_mobile": false,
        "padding_top": 36,
        "padding_bottom": 36
      }
    },
    "1645948319a881d5c7": {
      "type": "collage",
      "blocks": {
        "e2d5ac47-1b88-4268-8e36-825558ed4a38": {
          "type": "image",
          "settings": {
            "image": "shopify:\/\/shop_images\/Trident_Black_Collage_07.jpg",
            "image_padding": false
          }
        },
        "98e790a1-95f8-4251-8d81-fe5e2a6135c3": {
          "type": "image",
          "settings": {
            "image": "shopify:\/\/shop_images\/Trident_Black_Collage_06.jpg",
            "image_padding": false
          }
        },
        "5a280d45-fb08-4010-9c21-b7552ef38246": {
          "type": "image",
          "settings": {
            "image": "shopify:\/\/shop_images\/Trident_Black_Collage_08.jpg",
            "image_padding": false
          }
        }
      },
      "block_order": [
        "e2d5ac47-1b88-4268-8e36-825558ed4a38",
        "98e790a1-95f8-4251-8d81-fe5e2a6135c3",
        "5a280d45-fb08-4010-9c21-b7552ef38246"
      ],
      "settings": {
        "heading": "",
        "desktop_layout": "left",
        "mobile_layout": "collage",
        "color_scheme": "background-1",
        "padding_top": 0,
        "padding_bottom": 36
      }
    },
    "1645947729593f8e62": {
      "type": "apps",
      "blocks": {
        "b2e82820-bfe3-484c-8f11-be9b65d89f3f": {
          "type": "shopify:\/\/apps\/product-reviews\/blocks\/reviews\/bae150af-8da8-48b2-9867-398188115e5f",
          "settings": {}
        }
      },
      "block_order": [
        "b2e82820-bfe3-484c-8f11-be9b65d89f3f"
      ],
      "settings": {
        "include_margins": true
      }
    },
    "16459481815fc42209": {
      "type": "featured-collection",
      "settings": {
        "title": "TRIDENT ACCESSORIES",
        "collection": "accessories",
        "products_to_show": 4,
        "show_view_all": false,
        "color_scheme": "background-1",
        "image_ratio": "square",
        "show_secondary_image": false,
        "show_vendor": false,
        "show_rating": false,
        "swipe_on_mobile": true,
        "padding_top": 36,
        "padding_bottom": 16
      }
    },
    "164594902069aa5dc9": {
      "type": "collapsible-content",
      "blocks": {
        "16459490207e540225-0": {
          "type": "collapsible_row",
          "settings": {
            "heading": "How do I power the Trident on\/off?",
            "icon": "question_mark",
            "row_content": "<p>Five clicks to turn the device on\/off. <\/p><p>Press the power button located at the top of the device.<\/p>",
            "page": ""
          }
        },
        "16459490207e540225-1": {
          "type": "collapsible_row",
          "settings": {
            "heading": "How long can my Hitoki perform on a full charge?",
            "icon": "question_mark",
            "row_content": "<p>Over 280 laser ignitions on a single charge.<\/p>",
            "page": ""
          }
        },
        "16459490207e540225-3": {
          "type": "collapsible_row",
          "settings": {
            "heading": "How much ground material can fit inside the heating chamber?",
            "icon": "question_mark",
            "row_content": "<p>The loading chamber can hold 0.2 - 0.5 grams of material.<\/p>",
            "page": ""
          }
        },
        "16459490207e540225-2": {
          "type": "collapsible_row",
          "settings": {
            "heading": "Can concentrates be used in the Trident?",
            "icon": "question_mark",
            "row_content": "<p>The Trident is designed for loose-leaf material, but the flower can be infused with oils on the highest temperature setting (blue).<\/p>",
            "page": ""
          }
        }
      },
      "block_order": [
        "16459490207e540225-0",
        "16459490207e540225-1",
        "16459490207e540225-3",
        "16459490207e540225-2"
      ],
      "settings": {
        "caption": "",
        "heading": "TRIDENT VAPORIZER FAQS",
        "title_margin_bottom": 10,
        "heading_alignment": "center",
        "layout": "none",
        "color_scheme": "background-1",
        "container_color_scheme": "inverse",
        "open_first_collapsible_row": false,
        "image_ratio": "adapt",
        "desktop_layout": "image_second",
        "padding_top": 36,
        "padding_bottom": 36
      }
    },
    "1646910232dd95a709": {
      "type": "rich-text",
      "blocks": {
        "1646910232af23596f-1": {
          "type": "text",
          "settings": {
            "text": "<p><a href=\"https:\/\/cdn.shopify.com\/s\/files\/1\/0092\/5224\/1470\/files\/Hitoki_Trident_Manual.pdf?v=1649106277\" target=\"_blank\" title=\"https:\/\/cdn.shopify.com\/s\/files\/1\/0092\/5224\/1470\/files\/Hitoki_Trident_Manual.pdf?v=1649106277\">Download User Manual<\/a><\/p>"
          }
        }
      },
      "block_order": [
        "1646910232af23596f-1"
      ],
      "settings": {
        "color_scheme": "background-1",
        "full_width": true,
        "padding_top": 40,
        "padding_bottom": 52
      }
    },
    "product-recommendations": {
      "type": "product-recommendations",
      "settings": {
        "heading": "SIMILAR RECOMMENDATIONS",
        "color_scheme": "background-1",
        "image_ratio": "adapt",
        "show_secondary_image": false,
        "show_vendor": false,
        "show_rating": false,
        "padding_top": 20,
        "padding_bottom": 36
      }
    },
    "16459483359f6cafb6": {
      "type": "image-banner",
      "blocks": {
        "1645948335f7b7be38-0": {
          "type": "heading",
          "settings": {
            "heading": "CHOOSE TO GO HIGH",
            "heading_size": "medium"
          }
        },
        "1645948335f7b7be38-1": {
          "type": "text",
          "settings": {
            "text": "The cleanest and most flavorful experience. Elevate your smoking experience using laser technology, eliminating hemp wick and butane fumes.",
            "text_style": "subtitle"
          }
        }
      },
      "block_order": [
        "1645948335f7b7be38-0",
        "1645948335f7b7be38-1"
      ],
      "settings": {
        "top_space_size": 60,
        "bottom_space_size": 0,
        "image": "shopify:\/\/shop_images\/Hitoki_Homepage_Footer_01.jpg",
        "image_overlay_opacity": 30,
        "image_height": "large",
        "adapt_height_first_image": false,
        "desktop_content_position": "top-center",
        "show_text_box": false,
        "desktop_content_alignment": "center",
        "color_scheme": "inverse",
        "mobile_content_alignment": "center",
        "stack_images_on_mobile": true,
        "show_text_below": true
      }
    }
  },
  "order": [
    "164783499968e9eb7c",
    "main",
    "1648843361d6d7b3ba",
    "164766734634d06567",
    "164884367474261975",
    "1648843786d46894a6",
    "1645946405d2f23caf",
    "1649105537793b7aa0",
    "164905507426e9087c",
    "1647720535f953d2ad",
    "1647317771137aa524",
    "1645947483dffbba67",
    "1645948319a881d5c7",
    "1645947729593f8e62",
    "16459481815fc42209",
    "164594902069aa5dc9",
    "1646910232dd95a709",
    "product-recommendations",
    "16459483359f6cafb6"
  ]
}