{
  "sections": {
    "164783499968e9eb7c": {
      "type": "product-buy",
      "settings": {
        "top_space_size": 0,
        "bottom_space_size": 0,
        "title": "{{ section.settings.product.metafields.my_fields.shorttitle.value }}",
        "button_text": "Add to cart",
        "button_style": "primary",
        "background_color": "accent-1",
        "text_color": "background-1",
        "text_align": "left",
        "text_align_mobile": "left",
        "box_top_space": 25,
        "box_bottom_space": 25,
        "title_font_size": 24,
        "button_font_size": 14,
        "enable_mobile_font_size": true,
        "title_font_size_mobile": 16,
        "sticky_position": "top",
        "enable_sticky": true,
        "enable_box_shadow": true,
        "enable_max_width": true,
        "product": "nylon-sport-loop-for-apple-watch"
      }
    },
    "main": {
      "type": "main-product",
      "blocks": {
        "5414427e-e261-4714-ae20-58620277791b": {
          "type": "text",
          "disabled": true,
          "settings": {
            "text": "<b>$8.75<\/b> with with Sezzle",
            "text_style": "uppercase",
            "text_align": "left",
            "font_size_desktop": 12,
            "font_size_mobile": 12,
            "space_top_desktop": 10,
            "space_bottom_desktop": 10,
            "space_top_mobile": 10,
            "space_bottom_mobile": 10
          }
        },
        "title": {
          "type": "title",
          "settings": {
            "text_align": "left",
            "font_size_desktop": 30,
            "font_size_mobile": 24,
            "space_top_desktop": 10,
            "space_bottom_desktop": 10,
            "space_top_mobile": 0,
            "space_bottom_mobile": 0
          }
        },
        "0c241f66-164a-4c18-8d82-1b17c1cc0485": {
          "type": "text",
          "settings": {
            "text": "{{ product.metafields.descriptors.subtitle.value }}",
            "text_style": "uppercase",
            "text_align": "left",
            "font_size_desktop": 12,
            "font_size_mobile": 12,
            "space_top_desktop": 10,
            "space_bottom_desktop": 10,
            "space_top_mobile": 10,
            "space_bottom_mobile": 10
          }
        },
        "price": {
          "type": "price",
          "settings": {
            "font_size_desktop": 15,
            "font_size_mobile": 15,
            "space_top_desktop": 10,
            "space_bottom_desktop": 10,
            "space_top_mobile": 0,
            "space_bottom_mobile": 0
          }
        },
        "variant_picker": {
          "type": "variant_picker",
          "settings": {
            "picker_type": "button",
            "space_top_desktop": 10,
            "space_bottom_desktop": 10,
            "space_top_mobile": 10,
            "space_bottom_mobile": 10
          }
        },
        "fc84c30c-853a-4875-ae47-15a1c25b2199": {
          "type": "text",
          "settings": {
            "text": "172 people have this in their cart.",
            "text_style": "uppercase",
            "text_align": "center",
            "font_size_desktop": 12,
            "font_size_mobile": 12,
            "space_top_desktop": 10,
            "space_bottom_desktop": 10,
            "space_top_mobile": 10,
            "space_bottom_mobile": 10
          }
        },
        "buy_buttons": {
          "type": "buy_buttons",
          "settings": {
            "show_dynamic_checkout": true,
            "space_top_desktop": 10,
            "space_bottom_desktop": 10,
            "space_top_mobile": 10,
            "space_bottom_mobile": 10
          }
        },
        "a2f99941-3352-4893-a966-28ae22a48e66": {
          "type": "text",
          "settings": {
            "text": "Checkout now and get it by Monday, May 23",
            "text_style": "body",
            "text_align": "center",
            "font_size_desktop": 12,
            "font_size_mobile": 12,
            "space_top_desktop": 10,
            "space_bottom_desktop": 10,
            "space_top_mobile": 10,
            "space_bottom_mobile": 10
          }
        },
        "3e83a1af-244f-46d0-91b1-3d0bb61321db": {
          "type": "text",
          "disabled": true,
          "settings": {
            "text": "As low as $6.25\/month or 0% APR with Affirm. Learn more",
            "text_style": "body",
            "text_align": "left",
            "font_size_desktop": 12,
            "font_size_mobile": 12,
            "space_top_desktop": 10,
            "space_bottom_desktop": 10,
            "space_top_mobile": 10,
            "space_bottom_mobile": 10
          }
        },
        "ec9f58e2-5ba8-47a4-8610-679b96ee5f45": {
          "type": "text",
          "settings": {
            "text": "\"Just what I needed! Very easy to take on and off. Stylish too.\" - Anthony A.",
            "text_style": "uppercase",
            "text_align": "left",
            "font_size_desktop": 12,
            "font_size_mobile": 12,
            "space_top_desktop": 10,
            "space_bottom_desktop": 10,
            "space_top_mobile": 10,
            "space_bottom_mobile": 10
          }
        },
        "d2e86575-9cbe-48ec-8897-61dde524f0f5": {
          "type": "rating",
          "settings": {}
        },
        "vendor": {
          "type": "text",
          "disabled": true,
          "settings": {
            "text": "{{ product.vendor }} Product Descrription",
            "text_style": "uppercase",
            "text_align": "left",
            "font_size_desktop": 12,
            "font_size_mobile": 12,
            "space_top_desktop": 10,
            "space_bottom_desktop": 10,
            "space_top_mobile": 10,
            "space_bottom_mobile": 10
          }
        },
        "description": {
          "type": "description",
          "settings": {}
        },
        "ea83e4e3-ce63-496b-aa7a-a5b7d2a6842a": {
          "type": "collapsible_tab",
          "settings": {
            "heading": "Free shipping orders over $30",
            "icon": "truck",
            "content": "<p>Standard shipping rates is $5.98. Priority shipping availabile. Enjoy free shipping on all orders over $99.<\/p>",
            "page": ""
          }
        },
        "514e2155-c0a3-4737-ac7a-12645498d722": {
          "type": "collapsible_tab",
          "settings": {
            "heading": "1-Year Warranty Included",
            "icon": "check_mark",
            "content": "<p>All purchases of the Trident come with a 1-year warranty. <a href=\"\/pages\/qr-code-scan\" title=\"QR Code Scan\">View warranty details<\/a>. <\/p><p>We also offer an extended 3-year warranty. <a href=\"\/pages\/contact\" title=\"Contact\">Register for a 3 year warranty.<\/a><\/p>",
            "page": ""
          }
        },
        "645424c8-8e7c-43bc-91c6-01f4e49915d2": {
          "type": "collapsible_tab",
          "settings": {
            "heading": "Financing options to help you save",
            "icon": "price_tag",
            "content": "<p>Earn 10% back in rewards for your first 30 days, or choose special financing, with the Spartan Watches Credit Card. <span style=\"text-decoration:underline\">Learn more<\/span><\/p><p>As low as $6.25\/month or 0% APR with Affirm. <span style=\"text-decoration:underline\">Learn more<\/span><\/p>",
            "page": ""
          }
        },
        "f4380501-00fc-464c-a26d-7cdb9e102b4f": {
          "type": "collapsible_tab",
          "disabled": true,
          "settings": {
            "heading": "Inside The Box",
            "icon": "box",
            "content": "<p>1x Trident<br\/>1x USB-C charging cable<br\/>1x High output adaptor<br\/>1x Loading chamber<br\/>1x Silicone hookah hose<br\/>1x Hose connecter<br\/>1x Metal compressor<\/p>",
            "page": ""
          }
        },
        "share": {
          "type": "share",
          "settings": {
            "share_label": "Share"
          }
        }
      },
      "block_order": [
        "5414427e-e261-4714-ae20-58620277791b",
        "title",
        "0c241f66-164a-4c18-8d82-1b17c1cc0485",
        "price",
        "variant_picker",
        "fc84c30c-853a-4875-ae47-15a1c25b2199",
        "buy_buttons",
        "a2f99941-3352-4893-a966-28ae22a48e66",
        "3e83a1af-244f-46d0-91b1-3d0bb61321db",
        "ec9f58e2-5ba8-47a4-8610-679b96ee5f45",
        "d2e86575-9cbe-48ec-8897-61dde524f0f5",
        "vendor",
        "description",
        "ea83e4e3-ce63-496b-aa7a-a5b7d2a6842a",
        "514e2155-c0a3-4737-ac7a-12645498d722",
        "645424c8-8e7c-43bc-91c6-01f4e49915d2",
        "f4380501-00fc-464c-a26d-7cdb9e102b4f",
        "share"
      ],
      "settings": {
        "enable_sticky_info": true,
        "enable_dynamic_title": true,
        "title_text": "",
        "gallery_layout": "stacked",
        "media_size": "large",
        "mobile_thumbnails": "hide",
        "hide_variants": true,
        "enable_video_looping": true,
        "button_style": "5px",
        "padding_top": 48,
        "padding_bottom": 60
      }
    },
    "1648843361d6d7b3ba": {
      "type": "video",
      "settings": {
        "heading": "",
        "text_color": "white",
        "content_heading": "",
        "content_sub_heading": "",
        "button_label": "",
        "button_link": "",
        "button_style": "primary",
        "content_position": "bottom-center",
        "enable_button_separate": false,
        "button_position": "middle-center",
        "description": "",
        "background_color": "#ffffff",
        "video_display_mode": "cover",
        "desktop_height": "auto",
        "mobile_height": "450px",
        "full_width": true,
        "color_scheme": "background-1",
        "video_url": "",
        "html5_video": "https:\/\/cdn.shopify.com\/s\/files\/1\/0597\/1194\/6949\/files\/Apple_Watch_Nylon_Loop_Video_01.mp4?v=1649321554",
        "enable_video_mobile": false,
        "video_url_mobile": "https:\/\/www.youtube.com\/watch?v=_9VUPq3SxOc",
        "html5_video_mobile": "",
        "autoplay": true,
        "autoloop": true,
        "mute_video": true,
        "show_controls": false,
        "padding_top": 32,
        "padding_bottom": 20
      }
    },
    "164766734634d06567": {
      "type": "slideshow_text",
      "disabled": true,
      "blocks": {
        "1647667346d6562e06-0": {
          "type": "slide",
          "settings": {
            "heading": "Workout Ready",
            "heading_size": "small",
            "subheading": "Sport Band is built around a minimalist design meant to keep the weight low and ventilation high.",
            "button_label": "",
            "link": "",
            "button_style_secondary": false,
            "box_align": "middle-center",
            "text_alignment": "center",
            "color_scheme": "inverse",
            "text_alignment_mobile": "center"
          }
        },
        "1647667346d6562e06-1": {
          "type": "slide",
          "settings": {
            "heading": "Built to fit",
            "heading_size": "small",
            "subheading": "Channels in the bottom of the band and full length adjustment holes increase breathability and flexibility.",
            "button_label": "",
            "link": "",
            "button_style_secondary": false,
            "box_align": "middle-center",
            "text_alignment": "center",
            "color_scheme": "inverse",
            "text_alignment_mobile": "center"
          }
        },
        "45f066dd-9ab6-4897-977e-1166e63864b7": {
          "type": "slide",
          "settings": {
            "heading": "Pin and Tuck Closure",
            "heading_size": "small",
            "subheading": "Sport Band is finished with a custom-designed pin and tuck closure mechanism that is both slim and secure.",
            "button_label": "",
            "link": "",
            "button_style_secondary": false,
            "box_align": "middle-center",
            "text_alignment": "center",
            "color_scheme": "inverse",
            "text_alignment_mobile": "center"
          }
        },
        "35e78ce2-fa77-4670-9226-557a8305aae2": {
          "type": "slide",
          "settings": {
            "heading": "Secure Your Apple Watch",
            "heading_size": "small",
            "subheading": "The aluminum pin latches through the band while the tail end is tucked away neatly against your wrist.",
            "button_label": "",
            "link": "",
            "button_style_secondary": false,
            "box_align": "middle-center",
            "text_alignment": "center",
            "color_scheme": "inverse",
            "text_alignment_mobile": "center"
          }
        },
        "0d1adb79-618b-49bb-ba9e-b8b4d55b83a6": {
          "type": "slide",
          "settings": {
            "heading": "Elegant and sophisticated",
            "heading_size": "small",
            "subheading": "Minimalist design makes it easy to fit in and stand out all at the same time in any setting.",
            "button_label": "",
            "link": "",
            "button_style_secondary": false,
            "box_align": "middle-center",
            "text_alignment": "center",
            "color_scheme": "inverse",
            "text_alignment_mobile": "center"
          }
        }
      },
      "block_order": [
        "1647667346d6562e06-0",
        "1647667346d6562e06-1",
        "45f066dd-9ab6-4897-977e-1166e63864b7",
        "35e78ce2-fa77-4670-9226-557a8305aae2",
        "0d1adb79-618b-49bb-ba9e-b8b4d55b83a6"
      ],
      "settings": {
        "desktop_top_space_size": 15,
        "desktop_bottom_space_size": 15,
        "mobile_top_space_size": 20,
        "mobile_bottom_space_size": 20,
        "layout": "full_bleed",
        "slide_height": "extra-small",
        "slider_visual": "dots",
        "auto_rotate": true,
        "change_slides_speed": 5,
        "accessibility_info": "More about the Trident"
      }
    },
    "16493250196c6a467e": {
      "type": "image-with-text",
      "blocks": {
        "1649325019b6cfd597-0": {
          "type": "heading",
          "settings": {
            "heading": "Workout Ready",
            "heading_size": "h1"
          }
        },
        "1649325019b6cfd597-1": {
          "type": "text",
          "settings": {
            "text": "<p>Sport Band is built around a minimalist design meant to keep the weight low and ventilation high. Channels in the bottom of the band and full length adjustment holes increase breathability and flexibility.<\/p>",
            "text_style": "body"
          }
        },
        "1649325019b6cfd597-2": {
          "type": "button",
          "disabled": true,
          "settings": {
            "button_label": "Button label",
            "button_link": ""
          }
        }
      },
      "block_order": [
        "1649325019b6cfd597-0",
        "1649325019b6cfd597-1",
        "1649325019b6cfd597-2"
      ],
      "settings": {
        "image": "shopify:\/\/shop_images\/Nylon_Sport_Feature_0_0_3.png",
        "height": "large",
        "desktop_image_width": "large",
        "layout": "text_first",
        "desktop_content_position": "top",
        "desktop_content_alignment": "left",
        "content_layout": "overlap",
        "color_scheme": "background-1",
        "mobile_content_alignment": "left",
        "padding_top": 36,
        "padding_bottom": 36
      }
    },
    "164932308439d8427d": {
      "type": "featured-image",
      "settings": {
        "image_height": "md",
        "mobile_height": "sm",
        "content_position": "bottom-center",
        "enable_button_separate": false,
        "button_position": "middle-center",
        "enable_parallax": false,
        "image": "shopify:\/\/shop_images\/Nylon_Sport_Lifestyle_0_0_3.png",
        "img_position": "top",
        "overlay_opacity": 0,
        "text_color": "white",
        "heading": "",
        "sub_heading": "",
        "button_label": "",
        "button_link": "",
        "button_style": "primary",
        "top_space_size": 20,
        "bottom_space_size": 20
      }
    },
    "164932308141ae5f85": {
      "type": "image-with-text",
      "blocks": {
        "164932308106aa059e-0": {
          "type": "heading",
          "settings": {
            "heading": "High Performance",
            "heading_size": "h1"
          }
        },
        "164932308106aa059e-1": {
          "type": "text",
          "settings": {
            "text": "<p>We use FKM on Sport Band for its excellent balance of comfort and durability. FKM’s natural flexibility allows the band to easily contour around your wrist and its resistance to oils allows it to quickly wipe clean after a workout.<\/p>",
            "text_style": "body"
          }
        }
      },
      "block_order": [
        "164932308106aa059e-0",
        "164932308106aa059e-1"
      ],
      "settings": {
        "image": "shopify:\/\/shop_images\/Nylon_Sport_Feature_0_0_2.png",
        "height": "large",
        "desktop_image_width": "medium",
        "layout": "image_first",
        "desktop_content_position": "middle",
        "desktop_content_alignment": "left",
        "content_layout": "no-overlap",
        "color_scheme": "background-1",
        "mobile_content_alignment": "left",
        "padding_top": 36,
        "padding_bottom": 36
      }
    },
    "1649324468e09c12a3": {
      "type": "featured-image",
      "settings": {
        "image_height": "md",
        "mobile_height": "md",
        "content_position": "bottom-center",
        "enable_button_separate": false,
        "button_position": "middle-center",
        "enable_parallax": false,
        "image": "shopify:\/\/shop_images\/Nylon_Sport_Lifestyle_0_0_1_e9289c74-36bb-471e-ac96-fe4600f2afef.png",
        "img_position": "center",
        "overlay_opacity": 0,
        "text_color": "white",
        "heading": "",
        "sub_heading": "",
        "button_label": "",
        "button_link": "",
        "button_style": "primary",
        "top_space_size": 20,
        "bottom_space_size": 20
      }
    },
    "1649325027854b52e8": {
      "type": "image-with-text",
      "blocks": {
        "16493250276c5665fa-0": {
          "type": "heading",
          "settings": {
            "heading": "Pin and Tuck Closure",
            "heading_size": "h1"
          }
        },
        "16493250276c5665fa-1": {
          "type": "text",
          "settings": {
            "text": "<p>Sport Band is finished with a custom-designed pin and tuck closure mechanism that is both slim and secure. The aluminum pin latches through the band while the tail end is tucked away neatly against your wrist.<\/p>",
            "text_style": "body"
          }
        },
        "16493250276c5665fa-2": {
          "type": "button",
          "disabled": true,
          "settings": {
            "button_label": "Button label",
            "button_link": ""
          }
        }
      },
      "block_order": [
        "16493250276c5665fa-0",
        "16493250276c5665fa-1",
        "16493250276c5665fa-2"
      ],
      "settings": {
        "image": "shopify:\/\/shop_images\/Nylon_Sport_Feature_0_0_4.png",
        "height": "large",
        "desktop_image_width": "medium",
        "layout": "text_first",
        "desktop_content_position": "middle",
        "desktop_content_alignment": "left",
        "content_layout": "overlap",
        "color_scheme": "background-1",
        "mobile_content_alignment": "left",
        "padding_top": 36,
        "padding_bottom": 36
      }
    },
    "1649324410c0d13e62": {
      "type": "featured-image",
      "settings": {
        "image_height": "md",
        "mobile_height": "md",
        "content_position": "bottom-center",
        "enable_button_separate": false,
        "button_position": "middle-center",
        "enable_parallax": false,
        "image": "shopify:\/\/shop_images\/Nylon_Sport_Lifestyle_0_0_2.png",
        "img_position": "center",
        "overlay_opacity": 0,
        "text_color": "white",
        "heading": "",
        "sub_heading": "",
        "button_label": "",
        "button_link": "",
        "button_style": "primary",
        "top_space_size": 20,
        "bottom_space_size": 20
      }
    },
    "1649322940a701d797": {
      "type": "image-with-text",
      "blocks": {
        "164932294033b5a629-0": {
          "type": "heading",
          "settings": {
            "heading": "Bold Design",
            "heading_size": "h1"
          }
        },
        "164932294033b5a629-1": {
          "type": "text",
          "settings": {
            "text": "<p>A sporty aesthetic and sharp details combine for a distinct, yet understated look unique from any other band. The lunar gray FKM is finished with a subtle microtexture for a classy satin finish.<\/p>",
            "text_style": "body"
          }
        }
      },
      "block_order": [
        "164932294033b5a629-0",
        "164932294033b5a629-1"
      ],
      "settings": {
        "image": "shopify:\/\/shop_images\/Nylon_Sport_Feature_0_0_1_1240f8e4-add8-43aa-9571-8afae72e11c8.png",
        "height": "large",
        "desktop_image_width": "large",
        "layout": "image_first",
        "desktop_content_position": "middle",
        "desktop_content_alignment": "left",
        "content_layout": "overlap",
        "color_scheme": "background-1",
        "mobile_content_alignment": "left",
        "padding_top": 36,
        "padding_bottom": 36
      }
    },
    "1647720535f953d2ad": {
      "type": "slideshow",
      "disabled": true,
      "blocks": {
        "16477205350d99693e-0": {
          "type": "slide",
          "settings": {
            "image": "shopify:\/\/shop_images\/Nylon_Sport_Feature_0_0_1.png",
            "heading": "Bold Design",
            "heading_size": "medium",
            "subheading": "A sporty aesthetic and sharp details combine for a distinct, yet understated look unique from any other band. The lunar gray FKM is finished with a subtle microtexture for a classy satin finish.",
            "button_label": "",
            "link": "",
            "button_style_secondary": false,
            "box_align": "top-left",
            "show_text_box": true,
            "text_alignment": "center",
            "image_overlay_opacity": 0,
            "color_scheme": "inverse",
            "text_alignment_mobile": "center"
          }
        },
        "16477205350d99693e-1": {
          "type": "slide",
          "disabled": true,
          "settings": {
            "image": "shopify:\/\/shop_images\/Nylon_Sport_Feature_0_0_2.png",
            "heading": "High Performance",
            "heading_size": "medium",
            "subheading": "We use FKM on Sport Band for its excellent balance of comfort and durability. FKM’s natural flexibility allows the band to easily contour around your wrist and its resistance to oils allows it to quickly wipe clean after a workout.",
            "button_label": "",
            "link": "",
            "button_style_secondary": false,
            "box_align": "top-left",
            "show_text_box": true,
            "text_alignment": "center",
            "image_overlay_opacity": 0,
            "color_scheme": "inverse",
            "text_alignment_mobile": "center"
          }
        }
      },
      "block_order": [
        "16477205350d99693e-0",
        "16477205350d99693e-1"
      ],
      "settings": {
        "layout": "grid",
        "slide_height": "adapt_image",
        "slider_visual": "dots",
        "auto_rotate": false,
        "change_slides_speed": 5,
        "show_text_below": true,
        "accessibility_info": "Slideshow about our brand"
      }
    },
    "1647317771137aa524": {
      "type": "properties-bar",
      "disabled": true,
      "blocks": {
        "6830b175-3330-4c0c-a50b-824f68506cac": {
          "type": "progressbar",
          "settings": {
            "heading": "Flavor",
            "percentage": 100
          }
        },
        "c1bc140f-983f-4718-ab4d-fbbddc9bd007": {
          "type": "progressbar",
          "settings": {
            "heading": "Dose size",
            "percentage": 80
          }
        },
        "906708e0-28aa-4b69-9440-97ed018a6fd0": {
          "type": "progressbar",
          "disabled": true,
          "settings": {
            "heading": "Vapor",
            "percentage": 100
          }
        },
        "287968c0-429d-4e11-83de-68950fc81c3e": {
          "type": "progressbar",
          "settings": {
            "heading": "On-the-go",
            "percentage": 85
          }
        },
        "02f39747-79c2-4aeb-946a-103fe76c8ebb": {
          "type": "progressbar",
          "settings": {
            "heading": "Battery life",
            "percentage": 100
          }
        },
        "59885c16-082b-404e-b242-14828c275fff": {
          "type": "progressbar",
          "settings": {
            "heading": "User control",
            "percentage": 95
          }
        }
      },
      "block_order": [
        "6830b175-3330-4c0c-a50b-824f68506cac",
        "c1bc140f-983f-4718-ab4d-fbbddc9bd007",
        "906708e0-28aa-4b69-9440-97ed018a6fd0",
        "287968c0-429d-4e11-83de-68950fc81c3e",
        "02f39747-79c2-4aeb-946a-103fe76c8ebb",
        "59885c16-082b-404e-b242-14828c275fff"
      ],
      "settings": {
        "margin_top": 40,
        "margin_bottom": 0,
        "heading": "DEVICE CAPABILITIES",
        "padding_vertical": 20,
        "padding_horizontal": 30,
        "bg_color": "#f8fafb",
        "text_color": "#232324",
        "progressbar_color": "#0315ef"
      }
    },
    "1645947483dffbba67": {
      "type": "multicolumn",
      "blocks": {
        "81c2662d-7066-4974-9aef-f313ca54a0c9": {
          "type": "column",
          "settings": {
            "title": "Materials",
            "text": "<p>Compression-molded FKM<\/p><p>Aluminum closure pin<\/p>",
            "link_label": "",
            "link": ""
          }
        },
        "16459474829c0c4d06-1": {
          "type": "column",
          "settings": {
            "title": "Technical",
            "text": "<p>Waterproof<\/p><p>Resists a 5-20 kgf lateral slide-out force when installed in Apple Watch<\/p>",
            "link_label": "",
            "link": ""
          }
        },
        "16459474829c0c4d06-0": {
          "type": "column",
          "settings": {
            "title": "Devices",
            "text": "<p>Compatible with all versions of Apple Watch<\/p><p>Band is one size fits most, designed for wrist sizes ranging from 150mm to 200mm<\/p><p>95mm length (pin side) and 135mm length (adjustment side)<\/p>",
            "link_label": "",
            "link": ""
          }
        }
      },
      "block_order": [
        "81c2662d-7066-4974-9aef-f313ca54a0c9",
        "16459474829c0c4d06-1",
        "16459474829c0c4d06-0"
      ],
      "settings": {
        "title": "Information",
        "heading_size": "h1",
        "image_width": "full",
        "image_ratio": "adapt",
        "columns_desktop": 3,
        "column_alignment": "left",
        "background_style": "none",
        "button_label": "",
        "button_link": "",
        "color_scheme": "accent-2",
        "columns_mobile": "1",
        "swipe_on_mobile": false,
        "padding_top": 36,
        "padding_bottom": 36
      }
    },
    "1645948319a881d5c7": {
      "type": "collage",
      "disabled": true,
      "blocks": {
        "e2d5ac47-1b88-4268-8e36-825558ed4a38": {
          "type": "image",
          "settings": {
            "image": "shopify:\/\/shop_images\/Nylon_Sport_Lifestyle_0_0_3.png",
            "image_padding": false
          }
        },
        "5a280d45-fb08-4010-9c21-b7552ef38246": {
          "type": "image",
          "settings": {
            "image": "shopify:\/\/shop_images\/Nylon_Sport_Lifestyle_0_0_2.png",
            "image_padding": false
          }
        },
        "98e790a1-95f8-4251-8d81-fe5e2a6135c3": {
          "type": "image",
          "settings": {
            "image": "shopify:\/\/shop_images\/Nylon_Sport_Lifestyle_0_0_1_e9289c74-36bb-471e-ac96-fe4600f2afef.png",
            "image_padding": false
          }
        }
      },
      "block_order": [
        "e2d5ac47-1b88-4268-8e36-825558ed4a38",
        "5a280d45-fb08-4010-9c21-b7552ef38246",
        "98e790a1-95f8-4251-8d81-fe5e2a6135c3"
      ],
      "settings": {
        "heading": "",
        "desktop_layout": "left",
        "mobile_layout": "collage",
        "color_scheme": "accent-2",
        "padding_top": 0,
        "padding_bottom": 48
      }
    },
    "164594902069aa5dc9": {
      "type": "collapsible-content",
      "blocks": {
        "16459490207e540225-0": {
          "type": "collapsible_row",
          "settings": {
            "heading": "Which version of the Apple Watch is the Milanese band compatible with?",
            "icon": "question_mark",
            "row_content": "<p>The band is designed to be compatiable with all versions of the Apple Watch, including the Apple Watch Series 1, Series 2, Series 3, Series 4, Series 5, Series 6, Series 7, SE, Nike+ and Sports Edition.<\/p>",
            "page": ""
          }
        },
        "16459490207e540225-1": {
          "type": "collapsible_row",
          "settings": {
            "heading": "What is FKM rubber?",
            "icon": "question_mark",
            "row_content": "<p>FKM rubber is a high-performance fluoroelastomer that is antimicrobial and can be easily sanitized with soap and water.<\/p>",
            "page": ""
          }
        },
        "16459490207e540225-3": {
          "type": "collapsible_row",
          "settings": {
            "heading": "Is it OK to swim with this band?",
            "icon": "question_mark",
            "row_content": "<p>Yes, both the band and the aluminum pin are fully waterproof and do not require special care.<\/p>",
            "page": ""
          }
        }
      },
      "block_order": [
        "16459490207e540225-0",
        "16459490207e540225-1",
        "16459490207e540225-3"
      ],
      "settings": {
        "caption": "",
        "heading": "{{ product.metafields.my_fields.shorttitle.value }} FAQ",
        "title_margin_bottom": 10,
        "heading_alignment": "center",
        "layout": "none",
        "color_scheme": "background-1",
        "container_color_scheme": "inverse",
        "open_first_collapsible_row": false,
        "image_ratio": "adapt",
        "desktop_layout": "image_second",
        "padding_top": 36,
        "padding_bottom": 36
      }
    },
    "1646910232dd95a709": {
      "type": "rich-text",
      "blocks": {
        "1646910232af23596f-0": {
          "type": "heading",
          "disabled": true,
          "settings": {
            "heading": "Talk about your brand",
            "heading_size": "h1"
          }
        },
        "1646910232af23596f-1": {
          "type": "text",
          "settings": {
            "text": "<p><a href=\"\/pages\/qr-code-scan\" title=\"QR Code Scan\">Have a question to ask?<\/a><\/p>"
          }
        },
        "1646910232af23596f-2": {
          "type": "button",
          "disabled": true,
          "settings": {
            "button_label": "Button label",
            "button_link": "",
            "button_style_secondary": false
          }
        }
      },
      "block_order": [
        "1646910232af23596f-0",
        "1646910232af23596f-1",
        "1646910232af23596f-2"
      ],
      "settings": {
        "color_scheme": "background-1",
        "full_width": true,
        "padding_top": 40,
        "padding_bottom": 52
      }
    },
    "1645947729593f8e62": {
      "type": "apps",
      "blocks": {
        "b2e82820-bfe3-484c-8f11-be9b65d89f3f": {
          "type": "shopify:\/\/apps\/product-reviews\/blocks\/reviews\/bae150af-8da8-48b2-9867-398188115e5f",
          "settings": {}
        },
        "b98d291e-1be6-4ea5-9965-3dd5bcd0f0e7": {
          "type": "shopify:\/\/apps\/yotpo-product-reviews-photos\/blocks\/reviews\/eb7dfd7d-db44-4334-bc49-c893b51b36cf",
          "settings": {
            "product": "{{product}}"
          }
        }
      },
      "block_order": [
        "b2e82820-bfe3-484c-8f11-be9b65d89f3f",
        "b98d291e-1be6-4ea5-9965-3dd5bcd0f0e7"
      ],
      "settings": {
        "include_margins": true
      }
    },
    "16459481815fc42209": {
      "type": "featured-collection",
      "disabled": true,
      "settings": {
        "title": "APPLE WATCH ACCESSORIES",
        "heading_size": "h1",
        "description": "",
        "show_description": false,
        "description_style": "body",
        "collection": "apple-watch",
        "products_to_show": 4,
        "columns_desktop": 4,
        "full_width": false,
        "show_view_all": false,
        "view_all_style": "solid",
        "enable_desktop_slider": false,
        "color_scheme": "background-1",
        "image_ratio": "square",
        "show_secondary_image": false,
        "show_vendor": false,
        "show_rating": false,
        "enable_quick_add": false,
        "columns_mobile": "2",
        "swipe_on_mobile": true,
        "padding_top": 36,
        "padding_bottom": 16
      }
    },
    "product-recommendations": {
      "type": "product-recommendations",
      "settings": {
        "heading": "SIMILAR RECOMMENDATIONS",
        "heading_size": "h1",
        "products_to_show": 4,
        "columns_desktop": 4,
        "color_scheme": "background-1",
        "image_ratio": "adapt",
        "show_secondary_image": false,
        "show_vendor": false,
        "show_rating": true,
        "columns_mobile": "2",
        "padding_top": 20,
        "padding_bottom": 36
      }
    },
    "1654119217e7e88fc6": {
      "type": "featured-collection",
      "disabled": true,
      "settings": {
        "title": "Similar items for you",
        "heading_size": "h1",
        "description": "",
        "show_description": false,
        "description_style": "body",
        "collection": "",
        "products_to_show": 4,
        "columns_desktop": 4,
        "full_width": false,
        "show_view_all": true,
        "view_all_style": "solid",
        "enable_desktop_slider": false,
        "color_scheme": "background-1",
        "image_ratio": "adapt",
        "show_secondary_image": false,
        "show_vendor": false,
        "show_rating": false,
        "enable_quick_add": false,
        "columns_mobile": "2",
        "swipe_on_mobile": false,
        "padding_top": 36,
        "padding_bottom": 36
      }
    },
    "16459483359f6cafb6": {
      "type": "image-banner",
      "blocks": {
        "1645948335f7b7be38-0": {
          "type": "heading",
          "settings": {
            "heading": "Apple Watch bands that match your style",
            "heading_size": "medium"
          }
        },
        "1645948335f7b7be38-1": {
          "type": "text",
          "settings": {
            "text": "Answer a few questions and we’ll recommend the perfect band curated just for you.",
            "text_style": "subtitle"
          }
        },
        "1645948335f7b7be38-2": {
          "type": "buttons",
          "settings": {
            "button_label_1": "Find Your Perfect Fit",
            "button_link_1": "shopify:\/\/pages\/quotes",
            "button_style_secondary_1": false,
            "button_label_2": "",
            "button_link_2": "",
            "button_style_secondary_2": false
          }
        }
      },
      "block_order": [
        "1645948335f7b7be38-0",
        "1645948335f7b7be38-1",
        "1645948335f7b7be38-2"
      ],
      "settings": {
        "top_space_size": 60,
        "bottom_space_size": 60,
        "image": "shopify:\/\/shop_images\/runzi-zhu-a0U58gHCVRw-unsplash.jpg",
        "image_overlay_opacity": 40,
        "image_height": "medium",
        "adapt_height_first_image": false,
        "desktop_content_position": "middle-center",
        "show_text_box": false,
        "desktop_content_alignment": "center",
        "color_scheme": "inverse",
        "mobile_content_alignment": "center",
        "stack_images_on_mobile": true,
        "show_text_below": false
      }
    }
  },
  "order": [
    "164783499968e9eb7c",
    "main",
    "1648843361d6d7b3ba",
    "164766734634d06567",
    "16493250196c6a467e",
    "164932308439d8427d",
    "164932308141ae5f85",
    "1649324468e09c12a3",
    "1649325027854b52e8",
    "1649324410c0d13e62",
    "1649322940a701d797",
    "1647720535f953d2ad",
    "1647317771137aa524",
    "1645947483dffbba67",
    "1645948319a881d5c7",
    "164594902069aa5dc9",
    "1646910232dd95a709",
    "1645947729593f8e62",
    "16459481815fc42209",
    "product-recommendations",
    "1654119217e7e88fc6",
    "16459483359f6cafb6"
  ]
}